id,elevation
3536,140.0
3739,112.0
1294,242.0
2859,162.0
3685,208.0
6443,219.0
6889,173.0
5703,229.0
1112,167.0
776,225.0
6521,137.0
5165,204.0
2827,184.0
2306,233.0
6880,275.0
3286,194.0
1851,98.0
1963,177.0
3395,117.0
4884,183.0
3852,291.0
485,280.0
3580,206.0
5810,195.0
30,145.0
1879,204.0
2228,137.0
4913,187.0
3481,129.0
4706,206.0
3172,228.0
636,209.0
4367,184.0
2746,204.0
1083,87.0
861,106.0
6670,146.0
903,145.0
3217,310.0
109,200.0
6638,196.0
3605,245.0
5338,234.0
3246,93.0
5793,459.0
5612,197.0
3720,189.0
1831,205.0
2549,183.0
782,139.0
6740,194.0
3208,162.0
2680,171.0
2755,521.0
1825,80.0
1094,159.0
4829,241.0
2992,224.0
2517,139.0
4174,102.0
2481,128.0
2344,181.0
1654,247.0
5652,88.0
5283,223.0
2273,142.0
5747,138.0
4907,108.0
3523,72.0
4292,189.0
3819,133.0
2526,240.0
4362,243.0
4420,108.0
1204,170.0
4741,177.0
3455,186.0
5318,215.0
2619,90.0
6863,181.0
1770,137.0
829,115.0
3340,186.0
4329,265.0
627,238.0
3992,215.0
925,131.0
295,244.0
1052,268.0
2404,77.0
3424,133.0
2412,83.0
944,125.0
5488,188.0
5723,232.0
12,172.0
1117,199.0
5022,150.0
4922,292.0
6685,216.0
1319,210.0
3792,166.0
6746,189.0
6309,138.0
2698,159.0
2799,211.0
6343,101.0
653,221.0
4467,192.0
3381,122.0
3826,142.0
5444,258.0
6733,83.0
4322,196.0
2673,146.0
5025,194.0
3706,128.0
4782,174.0
570,86.0
1448,167.0
4772,222.0
3258,209.0
1745,201.0
3305,83.0
287,125.0
1738,186.0
4306,192.0
6817,287.0
4685,111.0
4101,167.0
5650,163.0
6474,171.0
1684,180.0
5312,190.0
1338,218.0
2840,64.0
5663,191.0
2948,192.0
5761,138.0
3857,201.0
4165,192.0
5962,211.0
2407,247.0
6408,151.0
1564,157.0
5265,154.0
6135,184.0
6080,135.0
2185,96.0
2881,148.0
1231,210.0
4325,134.0
1258,226.0
1951,160.0
6411,86.0
113,122.0
6479,176.0
5245,219.0
2533,241.0
507,226.0
3408,179.0
3038,309.0
2623,337.0
2423,89.0
5282,341.0
3941,223.0
350,209.0
4034,178.0
3405,214.0
3613,232.0
1114,211.0
6013,132.0
298,236.0
5384,197.0
5476,222.0
4957,206.0
5255,218.0
5633,216.0
6475,229.0
229,159.0
5341,144.0
2764,227.0
4776,219.0
3105,109.0
5542,188.0
2103,87.0
5427,164.0
2574,185.0
2457,184.0
4987,139.0
1614,139.0
607,210.0
2865,159.0
1093,152.0
5587,159.0
6780,91.0
6550,168.0
203,271.0
6211,210.0
3806,220.0
837,68.0
4127,207.0
1230,164.0
5582,166.0
1609,214.0
4317,228.0
4003,138.0
3332,191.0
2471,203.0
5294,204.0
6825,214.0
5957,186.0
5260,166.0
2476,74.0
2513,183.0
657,112.0
790,249.0
2304,95.0
4173,124.0
1359,301.0
5058,143.0
4668,170.0
4998,303.0
5234,132.0
6024,208.0
4731,132.0
3150,154.0
5271,232.0
4712,165.0
5890,242.0
1780,138.0
2516,226.0
803,145.0
857,202.0
5187,186.0
3254,140.0
4862,205.0
219,237.0
1288,214.0
582,242.0
43,196.0
1234,204.0
3045,129.0
6679,130.0
1892,77.0
6037,244.0
6681,177.0
5707,95.0
1071,112.0
718,166.0
1505,129.0
670,225.0
5520,178.0
3872,180.0
897,215.0
5837,198.0
6722,185.0
5751,191.0
2569,217.0
5510,152.0
2843,70.0
5190,309.0
5916,195.0
5744,234.0
5259,248.0
1874,135.0
1769,158.0
5012,203.0
4216,235.0
1983,158.0
531,247.0
3412,171.0
2906,129.0
2163,181.0
731,117.0
2339,145.0
5014,93.0
2232,199.0
3807,181.0
2815,222.0
1255,112.0
2104,280.0
5456,191.0
4305,200.0
898,142.0
428,202.0
5632,198.0
6741,197.0
5400,146.0
6243,212.0
1222,86.0
4053,178.0
3879,171.0
3821,127.0
3058,149.0
1096,171.0
2072,193.0
6230,222.0
5094,187.0
5820,80.0
1788,110.0
4999,175.0
5036,148.0
528,207.0
3194,216.0
192,213.0
4091,144.0
1126,165.0
2586,144.0
4818,312.0
5517,151.0
304,146.0
2650,128.0
1292,112.0
70,159.0
2653,151.0
3742,107.0
5167,138.0
831,190.0
3299,105.0
1456,201.0
4198,157.0
238,156.0
92,89.0
3780,162.0
6523,100.0
2917,118.0
3499,156.0
2540,240.0
3213,240.0
5856,158.0
1001,107.0
5130,122.0
6614,184.0
2377,174.0
3612,239.0
3210,135.0
4899,106.0
1532,138.0
4166,126.0
411,321.0
2683,245.0
6621,107.0
6371,143.0
5221,181.0
3544,169.0
3196,155.0
6054,113.0
6292,128.0
6541,182.0
2531,108.0
633,141.0
498,159.0
6763,312.0
637,176.0
720,253.0
4012,186.0
757,118.0
2445,278.0
2534,133.0
5096,112.0
4119,247.0
3318,170.0
596,147.0
2687,168.0
1068,93.0
1942,72.0
1647,164.0
6451,141.0
1700,174.0
6606,172.0
4940,157.0
86,59.0
2308,243.0
5501,138.0
5835,172.0
1029,210.0
4010,182.0
3639,160.0
2144,79.0
4310,240.0
1200,116.0
2025,158.0
621,213.0
6272,154.0
566,178.0
1837,207.0
1334,184.0
2885,80.0
6563,175.0
2099,203.0
4447,227.0
6575,153.0
3434,131.0
1688,184.0
745,154.0
4708,116.0
3658,197.0
2187,203.0
195,148.0
1152,201.0
4314,133.0
4538,95.0
802,201.0
4397,189.0
2350,121.0
4453,186.0
2068,243.0
5327,169.0
644,275.0
6097,138.0
5168,207.0
2572,244.0
5817,155.0
120,160.0
1777,134.0
3307,171.0
5544,222.0
2135,234.0
3918,166.0
4192,188.0
134,121.0
6091,147.0
4921,183.0
4313,131.0
62,78.0
6548,194.0
6004,155.0
3355,71.0
4796,148.0
3624,176.0
679,138.0
3601,227.0
741,118.0
1211,218.0
2170,102.0
3575,197.0
4707,175.0
567,195.0
1873,282.0
3165,192.0
1717,148.0
1392,144.0
5178,123.0
5621,198.0
489,212.0
4076,155.0
690,177.0
4638,111.0
602,94.0
1911,167.0
6610,194.0
3555,206.0
4880,248.0
2641,162.0
2366,160.0
1187,225.0
274,184.0
5983,207.0
1361,94.0
6448,195.0
1526,162.0
5505,116.0
4717,135.0
4028,122.0
6895,204.0
3082,128.0
6485,103.0
6779,196.0
945,157.0
5426,128.0
2250,251.0
3650,155.0
3341,244.0
2929,237.0
2346,207.0
68,119.0
5050,162.0
4896,204.0
1598,189.0
6567,132.0
4002,120.0
4466,183.0
1503,167.0
2775,195.0
150,170.0
2732,197.0
2086,181.0
6286,235.0
2259,183.0
2934,184.0
2892,142.0
5317,221.0
6663,172.0
859,152.0
3954,231.0
2614,118.0
4126,231.0
3075,141.0
366,157.0
1432,185.0
4824,171.0
1779,196.0
6738,182.0
3135,129.0
1818,174.0
4395,223.0
841,214.0
1189,199.0
175,123.0
3542,95.0
617,241.0
2093,104.0
2846,104.0
3931,210.0
5627,138.0
1030,80.0
5018,149.0
300,194.0
1472,69.0
283,236.0
2028,132.0
4373,173.0
5923,193.0
5472,214.0
1813,330.0
1271,145.0
3133,158.0
3933,229.0
3505,196.0
2313,215.0
2008,129.0
5943,146.0
3142,169.0
6284,227.0
3649,125.0
3312,178.0
3076,219.0
99,233.0
4180,134.0
744,202.0
6381,149.0
480,119.0
4890,424.0
6702,131.0
4863,149.0
1157,136.0
1437,205.0
2414,218.0
3942,156.0
402,173.0
2195,173.0
949,156.0
2855,139.0
2067,164.0
3113,206.0
4819,106.0
668,191.0
218,122.0
1962,111.0
5537,157.0
4059,157.0
2213,153.0
2633,97.0
3916,110.0
6125,74.0
5774,177.0
4562,157.0
2145,329.0
777,169.0
2434,162.0
3771,214.0
3855,221.0
6247,162.0
1491,166.0
5562,171.0
2845,129.0
5464,244.0
6226,142.0
3859,202.0
517,209.0
6640,202.0
3121,258.0
5557,125.0
6473,199.0
6720,110.0
3214,321.0
3567,134.0
568,226.0
360,238.0
4480,216.0
3129,97.0
6619,164.0
759,308.0
3786,160.0
6482,151.0
5601,241.0
6768,151.0
214,157.0
2820,249.0
3684,158.0
2751,112.0
5055,156.0
2705,200.0
5990,226.0
4055,280.0
2244,190.0
725,247.0
5671,238.0
49,201.0
5403,187.0
887,105.0
6034,222.0
6403,132.0
6229,173.0
516,115.0
2887,145.0
139,184.0
2890,152.0
2995,165.0
4303,162.0
6174,186.0
463,232.0
4239,179.0
1233,162.0
594,265.0
450,265.0
3621,147.0
3095,129.0
6483,225.0
312,146.0
2966,188.0
4157,210.0
4639,91.0
451,312.0
5573,194.0
890,63.0
3994,142.0
1506,196.0
6224,149.0
6453,168.0
999,207.0
389,186.0
2330,134.0
1476,209.0
2240,153.0
6200,238.0
6209,196.0
5756,183.0
5818,224.0
1923,162.0
758,216.0
6777,160.0
6036,153.0
1293,196.0
6081,197.0
6210,220.0
3285,129.0
1907,170.0
6693,144.0
4781,216.0
368,157.0
1937,168.0
1151,159.0
4368,300.0
3317,104.0
6790,122.0
191,161.0
6452,108.0
6637,163.0
174,122.0
1903,144.0
1099,94.0
5668,191.0
6336,135.0
2292,116.0
6007,265.0
6713,102.0
6554,218.0
3429,222.0
1164,100.0
3620,162.0
4816,310.0
3296,61.0
5137,174.0
5787,98.0
1661,205.0
508,147.0
166,138.0
5411,86.0
6665,189.0
6574,228.0
6830,149.0
103,191.0
3245,188.0
5850,132.0
6251,145.0
4159,171.0
4231,190.0
1752,154.0
6159,167.0
5942,138.0
1658,140.0
152,155.0
3479,240.0
2483,354.0
1583,220.0
2552,182.0
6632,252.0
2922,214.0
6504,173.0
6119,173.0
4745,147.0
2209,216.0
3552,215.0
4686,208.0
1822,211.0
5321,188.0
6267,197.0
6328,163.0
309,146.0
212,144.0
4438,120.0
4125,317.0
3458,196.0
495,197.0
205,370.0
1434,172.0
1135,153.0
2584,231.0
868,131.0
3949,346.0
305,224.0
1849,199.0
3718,207.0
1988,144.0
2798,217.0
4105,131.0
1534,199.0
843,190.0
1987,152.0
4230,149.0
4629,190.0
5171,148.0
383,125.0
1538,138.0
211,208.0
1957,247.0
4506,185.0
2438,188.0
2727,316.0
3607,150.0
5406,200.0
1349,116.0
4309,139.0
2879,175.0
5278,326.0
680,163.0
180,58.0
6568,163.0
2991,195.0
6372,149.0
278,200.0
4888,195.0
3252,186.0
2480,451.0
289,127.0
5546,150.0
5180,106.0
993,62.0
2236,233.0
3483,221.0
39,209.0
4864,333.0
2754,88.0
5531,209.0
2939,156.0
270,159.0
4760,169.0
5641,156.0
3011,143.0
5359,131.0
111,255.0
1391,127.0
2600,102.0
220,206.0
4139,79.0
2944,171.0
5969,159.0
83,138.0
873,197.0
6392,201.0
6142,209.0
461,260.0
6063,89.0
551,180.0
2970,228.0
2374,146.0
5799,229.0
2246,186.0
6493,227.0
6747,150.0
2450,158.0
2329,135.0
5786,226.0
2146,157.0
5054,188.0
4410,254.0
6086,297.0
650,153.0
708,178.0
5897,217.0
3303,220.0
6732,170.0
6572,151.0
4623,161.0
1424,194.0
1216,177.0
5266,280.0
1924,161.0
5082,147.0
3608,69.0
314,127.0
5533,98.0
1427,229.0
3558,143.0
3936,209.0
3801,183.0
6754,222.0
6092,155.0
1105,146.0
5074,251.0
5770,171.0
6900,325.0
3399,125.0
684,193.0
5328,156.0
2765,169.0
2949,149.0
5329,59.0
2451,86.0
5090,120.0
326,147.0
3827,200.0
5769,187.0
2176,232.0
6130,195.0
4032,146.0
5970,181.0
3143,194.0
2787,158.0
4693,203.0
4152,158.0
1676,170.0
348,178.0
3460,142.0
4377,157.0
1626,159.0
4184,104.0
4475,90.0
3319,243.0
871,158.0
6326,255.0
3532,223.0
3154,193.0
2218,158.0
5412,183.0
2121,251.0
3590,232.0
3231,290.0
85,304.0
3782,150.0
1877,143.0
2801,198.0
5448,265.0
2640,184.0
5905,103.0
2880,284.0
3197,202.0
494,166.0
3975,204.0
2525,115.0
5927,69.0
6852,193.0
3705,231.0
1270,122.0
5049,187.0
4098,147.0
2895,79.0
3538,83.0
5705,204.0
618,204.0
5903,245.0
3534,206.0
6176,174.0
3437,91.0
2996,153.0
5410,183.0
1413,134.0
2201,135.0
2001,165.0
5148,218.0
869,226.0
2358,133.0
2006,182.0
3151,149.0
4775,102.0
356,138.0
1162,258.0
6393,186.0
3008,225.0
3237,209.0
5030,113.0
6543,210.0
6806,199.0
1890,73.0
579,177.0
6425,189.0
3438,215.0
1691,147.0
862,164.0
4669,141.0
4237,110.0
2380,172.0
2378,191.0
4861,157.0
5343,133.0
3464,138.0
1116,130.0
1541,88.0
3692,176.0
5309,307.0
6346,154.0
6361,122.0
4655,99.0
6208,96.0
6886,244.0
4610,238.0
4489,234.0
2500,115.0
6095,198.0
6111,176.0
6113,228.0
6121,194.0
6792,135.0
5322,225.0
5196,353.0
4574,219.0
6577,221.0
3282,120.0
4004,294.0
6114,233.0
4581,215.0
6617,104.0
2052,75.0
1776,210.0
3630,213.0
4215,204.0
2536,197.0
4953,195.0
4930,163.0
1592,238.0
1723,129.0
6601,138.0
2611,243.0
4689,200.0
490,203.0
6460,89.0
2910,243.0
1006,114.0
6410,226.0
2503,132.0
4343,146.0
2314,155.0
2554,274.0
1417,206.0
25,221.0
2409,130.0
1113,140.0
4085,168.0
1552,221.0
6524,209.0
5155,116.0
3184,102.0
433,132.0
5508,104.0
2655,174.0
6896,100.0
5251,198.0
3971,317.0
1127,129.0
4536,98.0
5120,139.0
4038,232.0
2518,179.0
6633,215.0
1102,271.0
3276,251.0
4048,165.0
4160,132.0
6003,159.0
4791,105.0
194,211.0
615,205.0
643,251.0
4961,232.0
6075,292.0
2776,111.0
5661,318.0
5831,232.0
5347,133.0
330,149.0
2207,160.0
4516,170.0
6260,191.0
2670,140.0
972,123.0
483,206.0
2420,166.0
2602,198.0
719,162.0
3326,153.0
2059,189.0
2803,163.0
2566,137.0
4608,90.0
32,204.0
664,224.0
5922,187.0
4661,132.0
1444,118.0
4561,177.0
2792,151.0
3207,117.0
6727,187.0
1705,137.0
3218,136.0
5214,274.0
5945,170.0
5162,182.0
4787,143.0
118,174.0
2277,209.0
2905,170.0
1401,181.0
739,213.0
2456,174.0
170,160.0
540,164.0
883,147.0
6423,173.0
3935,251.0
6726,190.0
3653,234.0
674,175.0
3909,192.0
2915,177.0
3161,184.0
1815,197.0
6157,151.0
2100,176.0
4649,122.0
6839,158.0
5813,156.0
2101,185.0
6762,213.0
3767,123.0
1548,163.0
6018,193.0
6549,133.0
355,209.0
3360,129.0
6150,173.0
5961,107.0
2535,172.0
6108,177.0
4917,149.0
2373,140.0
1051,184.0
3074,149.0
2321,180.0
4830,129.0
4446,245.0
1751,181.0
3707,154.0
1772,187.0
1196,126.0
1878,94.0
2668,219.0
2016,214.0
2005,215.0
5599,116.0
1482,138.0
328,92.0
648,444.0
2945,198.0
5519,207.0
1123,145.0
5863,186.0
2788,258.0
3966,215.0
3316,209.0
3816,177.0
5310,164.0
5777,234.0
1259,166.0
5257,135.0
5749,131.0
3625,162.0
1519,227.0
1378,162.0
5038,110.0
1023,130.0
4900,198.0
2918,137.0
3858,283.0
4908,299.0
3203,182.0
912,141.0
2857,183.0
4687,189.0
1675,153.0
1746,185.0
3026,199.0
3982,74.0
1736,122.0
1629,185.0
5228,183.0
430,192.0
1808,72.0
4384,166.0
5332,187.0
6457,264.0
4483,148.0
234,202.0
4332,184.0
2222,244.0
5418,115.0
3803,164.0
5838,200.0
4247,220.0
6155,219.0
1948,105.0
5277,111.0
6124,205.0
4250,182.0
6316,167.0
1995,173.0
2671,220.0
5742,167.0
2224,144.0
1106,193.0
6418,284.0
818,201.0
5121,110.0
4810,153.0
4705,225.0
5015,117.0
1697,184.0
6498,211.0
136,432.0
1642,187.0
5910,241.0
3914,140.0
6116,178.0
1180,292.0
4323,211.0
888,140.0
2987,189.0
4763,174.0
2437,86.0
3441,223.0
4619,151.0
817,152.0
1111,92.0
4307,278.0
2341,185.0
3167,114.0
5087,111.0
5220,120.0
4525,156.0
3065,107.0
1264,216.0
990,154.0
1464,93.0
1739,227.0
4962,330.0
5577,173.0
353,170.0
5261,191.0
3313,210.0
4844,129.0
1489,145.0
6731,179.0
4622,191.0
3130,163.0
1228,184.0
4103,175.0
5067,211.0
3948,245.0
6531,238.0
5125,194.0
6454,229.0
52,241.0
4129,181.0
3686,122.0
6438,249.0
3085,238.0
159,131.0
4248,134.0
1587,61.0
1589,95.0
1479,137.0
4320,205.0
3145,197.0
1469,73.0
4100,172.0
3094,126.0
5953,72.0
6631,185.0
2078,203.0
6757,161.0
4354,173.0
6801,219.0
3491,154.0
2828,254.0
436,148.0
3869,151.0
2960,161.0
4596,178.0
1588,192.0
5362,211.0
2780,168.0
5078,130.0
1590,243.0
4204,211.0
973,142.0
1238,92.0
2951,239.0
2342,160.0
3715,92.0
4122,87.0
6890,143.0
6775,147.0
2231,252.0
5002,323.0
1497,221.0
449,180.0
2369,138.0
3617,160.0
6496,211.0
2422,73.0
6193,219.0
3903,227.0
5888,131.0
1551,98.0
6118,212.0
1146,194.0
4515,183.0
2092,154.0
1313,180.0
2015,198.0
187,157.0
4163,236.0
4713,156.0
1381,155.0
4461,182.0
413,186.0
4222,186.0
941,182.0
801,100.0
3336,144.0
6463,137.0
2750,168.0
4376,106.0
4228,57.0
256,159.0
3877,192.0
6769,149.0
3199,147.0
2235,89.0
647,206.0
1767,378.0
4728,110.0
3358,184.0
6167,147.0
3996,182.0
5672,335.0
24,130.0
1088,212.0
5331,213.0
2694,102.0
4350,196.0
112,227.0
2841,118.0
2311,107.0
3722,113.0
6555,193.0
56,194.0
1309,284.0
695,177.0
5023,338.0
1227,134.0
1999,286.0
276,213.0
3574,158.0
6271,105.0
1833,176.0
5470,202.0
682,75.0
4140,162.0
4991,131.0
3844,168.0
1137,131.0
2767,140.0
4694,225.0
4339,135.0
6701,180.0
1036,186.0
6853,190.0
5561,60.0
1346,186.0
6527,150.0
3950,159.0
2784,196.0
3765,195.0
2384,102.0
2988,218.0
115,143.0
5698,192.0
3400,122.0
6866,204.0
3119,130.0
5829,159.0
4434,192.0
4955,188.0
2819,145.0
6673,300.0
4378,164.0
5743,201.0
5676,174.0
81,157.0
3021,200.0
1972,148.0
1714,157.0
4423,147.0
5192,213.0
6462,92.0
5717,213.0
1946,189.0
4246,162.0
3960,161.0
4839,206.0
1610,132.0
5457,131.0
1251,124.0
3875,116.0
3070,238.0
5439,159.0
6742,125.0
3896,152.0
6847,181.0
6600,83.0
3375,227.0
665,134.0
2194,242.0
4509,183.0
6724,214.0
1017,146.0
557,221.0
6009,289.0
4296,119.0
1207,154.0
6446,141.0
5027,198.0
1510,161.0
3573,282.0
4486,156.0
3211,124.0
4700,64.0
5048,220.0
266,191.0
3615,166.0
1140,85.0
3162,287.0
2111,210.0
3945,164.0
1909,173.0
6593,247.0
5886,242.0
656,223.0
4640,152.0
4874,164.0
4416,199.0
998,214.0
5547,188.0
2834,180.0
2809,155.0
1784,129.0
1237,152.0
5746,168.0
6146,176.0
4020,159.0
6353,190.0
6517,101.0
6812,241.0
2186,167.0
2913,220.0
1134,194.0
908,136.0
5170,179.0
1303,121.0
6436,88.0
1627,436.0
5313,232.0
1522,194.0
835,271.0
358,147.0
138,160.0
299,177.0
1556,193.0
1003,178.0
382,157.0
4758,180.0
5711,192.0
761,222.0
5491,152.0
5007,199.0
4704,99.0
4958,207.0
4897,175.0
5579,209.0
4742,182.0
1402,131.0
3892,144.0
5924,111.0
2721,143.0
1932,213.0
6145,120.0
6202,152.0
6236,55.0
3885,180.0
6703,148.0
3055,222.0
5894,77.0
3794,115.0
4587,208.0
2685,110.0
3699,146.0
58,210.0
76,65.0
796,211.0
2416,159.0
5129,164.0
5044,136.0
785,139.0
3886,218.0
6718,167.0
3158,70.0
3106,144.0
3997,281.0
2217,247.0
6321,166.0
3540,186.0
4979,158.0
3688,113.0
4267,218.0
5324,160.0
910,125.0
2172,181.0
1850,214.0
2309,176.0
6456,141.0
1257,187.0
2495,130.0
5202,159.0
4418,207.0
3501,150.0
1178,153.0
5194,210.0
6263,147.0
442,168.0
5288,192.0
1399,136.0
2973,232.0
4019,183.0
5514,265.0
6501,113.0
6573,207.0
3459,221.0
1054,76.0
5624,187.0
4063,109.0
3275,192.0
5289,160.0
4074,245.0
1415,207.0
2372,154.0
6767,128.0
3985,166.0
3871,183.0
3745,173.0
6776,85.0
4838,152.0
6325,142.0
1502,146.0
5556,144.0
1450,329.0
5326,137.0
2011,143.0
5229,144.0
3515,107.0
4684,334.0
5833,140.0
6620,89.0
3833,162.0
3264,206.0
5564,162.0
5213,233.0
4340,134.0
4575,134.0
6,127.0
2980,244.0
2487,182.0
3361,209.0
678,165.0
1943,170.0
4503,171.0
6348,194.0
5834,210.0
5296,204.0
4526,154.0
2607,241.0
6285,179.0
4409,147.0
6344,165.0
4556,215.0
1064,145.0
2894,154.0
4374,208.0
4512,133.0
2242,168.0
1474,215.0
5113,178.0
1889,205.0
3435,231.0
4274,184.0
1053,331.0
2021,149.0
5430,140.0
4914,223.0
6376,130.0
2658,210.0
2467,247.0
4414,189.0
1130,194.0
1461,206.0
4144,182.0
6244,123.0
3365,211.0
6855,102.0
4213,184.0
3350,241.0
2968,132.0
222,148.0
6391,228.0
48,204.0
573,96.0
1236,190.0
6657,225.0
3033,162.0
6687,108.0
3382,222.0
6196,130.0
2282,148.0
4671,184.0
267,178.0
1104,136.0
2305,121.0
5429,185.0
5867,222.0
1935,147.0
386,109.0
1701,87.0
1628,162.0
3585,247.0
5374,153.0
2714,133.0
4190,111.0
4902,238.0
6033,225.0
1563,135.0
3622,165.0
6465,171.0
2760,176.0
3189,160.0
5606,169.0
209,265.0
909,209.0
1289,167.0
5210,152.0
1866,189.0
1842,126.0
2497,74.0
6136,170.0
104,199.0
958,194.0
1793,256.0
2088,182.0
2702,171.0
6816,142.0
331,167.0
4257,157.0
5001,182.0
4912,162.0
2459,224.0
1774,178.0
4848,153.0
4275,136.0
6581,190.0
2686,147.0
5602,147.0
3849,62.0
6023,210.0
2897,96.0
3773,212.0
1710,189.0
5270,157.0
2478,208.0
6625,178.0
1366,207.0
173,171.0
858,168.0
5111,129.0
5080,173.0
3524,244.0
3321,91.0
6791,100.0
6014,135.0
5553,80.0
3841,124.0
1952,107.0
3311,145.0
2492,146.0
5102,172.0
4479,153.0
2036,124.0
5409,204.0
6168,128.0
5059,178.0
3403,141.0
18,188.0
3691,290.0
5205,214.0
0,183.0
3628,142.0
6788,182.0
2174,168.0
1356,127.0
6123,165.0
6339,154.0
4161,179.0
2826,224.0
4149,206.0
396,285.0
5186,183.0
3112,111.0
182,134.0
5389,139.0
5458,151.0
1812,198.0
4441,200.0
5639,162.0
5006,199.0
816,147.0
1572,106.0
4778,188.0
1800,147.0
2280,186.0
2429,63.0
5460,170.0
6074,199.0
5355,166.0
4553,228.0
5954,104.0
5908,190.0
1830,165.0
601,177.0
5720,204.0
4827,156.0
4949,182.0
554,170.0
1159,282.0
1213,125.0
880,257.0
1325,149.0
5421,289.0
997,207.0
700,179.0
2700,227.0
4943,302.0
1847,212.0
5065,135.0
2796,146.0
1455,177.0
5775,207.0
4857,177.0
3838,175.0
866,179.0
5275,186.0
1644,69.0
2140,240.0
4664,186.0
3520,219.0
4328,135.0
5571,213.0
1490,210.0
4411,163.0
4112,182.0
729,287.0
4919,143.0
779,170.0
2620,172.0
1936,161.0
3793,159.0
6433,252.0
5948,210.0
3333,144.0
1110,278.0
3655,196.0
5605,217.0
6165,186.0
2998,227.0
2394,272.0
1185,209.0
2007,212.0
193,93.0
1515,114.0
5516,205.0
578,133.0
2123,152.0
1429,169.0
771,92.0
2587,202.0
2395,199.0
6835,201.0
1846,168.0
131,83.0
178,149.0
3740,138.0
6160,182.0
1811,174.0
5825,202.0
2580,212.0
4450,176.0
6061,140.0
2652,162.0
4500,146.0
2073,210.0
658,111.0
1896,166.0
5070,162.0
2606,202.0
2221,232.0
3659,160.0
6525,197.0
2379,258.0
1447,212.0
5653,193.0
342,141.0
3372,201.0
4439,147.0
6079,242.0
2527,189.0
727,82.0
5433,182.0
976,121.0
5719,125.0
4970,212.0
1928,204.0
3516,147.0
6634,120.0
4554,183.0
6719,200.0
3755,135.0
6623,175.0
1299,218.0
4803,144.0
6334,223.0
660,148.0
1790,135.0
1492,154.0
4634,148.0
493,165.0
3647,312.0
5041,196.0
4932,313.0
2315,194.0
6405,239.0
6350,139.0
5846,168.0
1085,133.0
6506,174.0
6332,145.0
694,196.0
1278,167.0
3198,252.0
5284,130.0
1621,285.0
6472,118.0
3708,239.0
2561,131.0
5930,112.0
5758,235.0
67,101.0
1731,147.0
4031,132.0
2269,198.0
4856,186.0
4727,141.0
5436,144.0
820,217.0
1226,228.0
1677,141.0
5767,96.0
2867,107.0
3447,204.0
5033,186.0
2367,160.0
4837,160.0
4595,220.0
2512,113.0
5352,124.0
2723,190.0
6148,139.0
5874,152.0
5095,197.0
1143,211.0
397,110.0
6355,118.0
4054,102.0
786,201.0
5914,191.0
4609,117.0
1398,136.0
1659,127.0
4254,219.0
5009,185.0
3134,180.0
3789,222.0
3398,160.0
2220,137.0
979,156.0
2331,141.0
3784,177.0
1298,196.0
6006,120.0
6044,206.0
5128,203.0
3693,155.0
82,185.0
1967,144.0
4355,221.0
5396,202.0
4626,166.0
5432,184.0
4205,90.0
2903,81.0
423,115.0
5974,128.0
1904,161.0
6255,268.0
1530,168.0
3917,131.0
6717,103.0
1565,370.0
5623,145.0
3618,92.0
2749,190.0
839,182.0
500,96.0
6645,144.0
141,84.0
5700,235.0
2605,221.0
5681,110.0
1377,228.0
3674,216.0
5361,184.0
6764,117.0
2266,202.0
3322,113.0
6605,148.0
3808,288.0
1138,178.0
2257,228.0
6020,210.0
844,66.0
1787,196.0
3938,124.0
4458,257.0
550,159.0
6169,117.0
459,157.0
2019,156.0
4584,182.0
6304,243.0
948,219.0
3700,175.0
1336,108.0
4128,179.0
532,274.0
3262,147.0
4570,171.0
1829,161.0
4734,201.0
6088,117.0
5493,142.0
4288,218.0
1602,136.0
2238,134.0
639,166.0
6662,186.0
3830,122.0
967,146.0
5827,224.0
123,202.0
1683,160.0
2248,218.0
4753,254.0
6850,181.0
1070,204.0
155,150.0
2295,206.0
4381,177.0
4678,157.0
1089,225.0
4520,116.0
2319,151.0
2940,119.0
5832,136.0
288,160.0
930,183.0
6440,196.0
4730,171.0
2909,149.0
4424,213.0
5356,105.0
2884,147.0
5198,135.0
3733,197.0
6327,171.0
3247,187.0
6262,171.0
3000,147.0
5114,238.0
1337,139.0
6803,163.0
942,175.0
2354,151.0
5482,169.0
5955,180.0
6519,83.0
1698,149.0
6488,180.0
4766,142.0
6861,148.0
4653,236.0
3831,159.0
4865,163.0
6282,171.0
985,102.0
1821,183.0
4121,142.0
587,179.0
6582,222.0
981,192.0
4680,182.0
3799,173.0
4774,166.0
6277,164.0
6857,196.0
6241,187.0
6409,209.0
1473,145.0
5235,163.0
5876,143.0
4011,188.0
5780,250.0
2258,190.0
5483,158.0
1457,189.0
3557,186.0
1395,172.0
264,351.0
3548,224.0
3547,185.0
2748,149.0
6173,146.0
2692,231.0
6607,206.0
4945,186.0
4436,216.0
929,119.0
5635,180.0
3864,176.0
5845,197.0
2400,224.0
2178,139.0
4981,184.0
3908,146.0
3866,157.0
3711,136.0
246,188.0
1594,129.0
1758,220.0
6709,218.0
4652,348.0
923,130.0
6369,152.0
5093,187.0
268,93.0
669,199.0
3604,171.0
4590,204.0
1910,120.0
5465,132.0
3958,172.0
2696,226.0
2591,235.0
1781,206.0
3013,215.0
2307,182.0
4567,123.0
3690,139.0
687,129.0
612,142.0
3200,117.0
2267,210.0
6615,204.0
1898,197.0
4348,178.0
258,210.0
2924,151.0
2822,226.0
3339,165.0
3525,139.0
2285,154.0
484,124.0
2211,193.0
6442,142.0
2555,217.0
7,190.0
3657,153.0
5844,71.0
2426,134.0
1814,170.0
2274,186.0
1011,161.0
6858,158.0
1067,226.0
1991,166.0
3970,165.0
4894,190.0
3867,134.0
6151,98.0
3048,222.0
781,162.0
6721,198.0
1749,125.0
2791,145.0
1091,182.0
4751,211.0
5872,101.0
6461,150.0
2608,149.0
5658,144.0
2290,185.0
1727,218.0
610,146.0
343,170.0
5379,160.0
3750,248.0
3215,106.0
97,166.0
4316,135.0
1537,223.0
3588,172.0
3648,193.0
5586,121.0
1517,242.0
6067,146.0
3669,80.0
2090,145.0
572,131.0
6268,211.0
6684,133.0
3062,213.0
6050,191.0
4989,116.0
4457,114.0
4605,171.0
370,153.0
1938,131.0
6811,149.0
5952,165.0
3670,108.0
3652,192.0
2361,232.0
4279,186.0
6215,121.0
3737,141.0
4229,167.0
4743,188.0
4773,178.0
1171,92.0
4478,64.0
1422,295.0
6187,141.0
6068,152.0
4518,254.0
874,94.0
2297,281.0
2643,191.0
5975,239.0
840,121.0
581,208.0
204,211.0
1641,187.0
2014,212.0
3253,211.0
4241,164.0
905,147.0
631,174.0
4882,141.0
5325,168.0
1974,170.0
162,108.0
4697,202.0
6195,149.0
4375,110.0
875,126.0
1431,180.0
5808,226.0
4372,141.0
2856,175.0
1861,180.0
2659,162.0
3384,198.0
6796,231.0
4552,178.0
3331,229.0
6132,243.0
5183,178.0
6818,155.0
2096,174.0
2003,228.0
546,230.0
1449,240.0
4768,201.0
2610,71.0
1900,209.0
5435,90.0
2757,147.0
1885,183.0
6671,194.0
2097,128.0
5996,188.0
6194,189.0
836,147.0
3471,212.0
5487,297.0
2171,96.0
5926,307.0
5871,127.0
398,212.0
2010,200.0
6735,233.0
1283,194.0
5037,125.0
1836,179.0
1019,131.0
1326,104.0
4256,222.0
475,268.0
2810,141.0
5174,134.0
1651,164.0
6401,139.0
5893,167.0
2528,199.0
1206,178.0
5302,238.0
4333,176.0
867,152.0
2974,166.0
541,148.0
1132,166.0
6688,120.0
3390,143.0
4954,97.0
2962,217.0
4155,138.0
3259,106.0
6115,150.0
6815,188.0
2583,280.0
2813,351.0
6140,183.0
5976,155.0
3586,159.0
5440,153.0
5868,145.0
2630,260.0
5525,215.0
4382,196.0
1080,220.0
4283,170.0
2085,203.0
2452,174.0
2023,291.0
5295,152.0
226,286.0
1013,265.0
1929,139.0
5441,221.0
1404,126.0
2179,150.0
697,99.0
1124,181.0
3895,145.0
1778,73.0
4387,217.0
2634,372.0
3489,182.0
1037,174.0
2256,91.0
4606,184.0
6822,296.0
313,172.0
2649,238.0
2281,201.0
4936,157.0
2547,186.0
2159,212.0
3137,163.0
6894,118.0
3967,163.0
1428,166.0
4885,243.0
2520,150.0
4421,182.0
5091,235.0
448,249.0
4336,195.0
1284,210.0
3727,212.0
361,213.0
5558,235.0
5498,219.0
2460,191.0
22,117.0
2066,177.0
1653,207.0
702,188.0
4988,150.0
2743,293.0
1376,85.0
5608,168.0
2468,188.0
3754,161.0
2325,178.0
460,157.0
4183,254.0
4082,207.0
1486,62.0
3678,127.0
282,116.0
4308,223.0
3537,57.0
6104,88.0
2581,242.0
1368,181.0
6218,173.0
4620,103.0
597,152.0
4351,196.0
5604,225.0
6851,145.0
6497,140.0
4527,116.0
3468,181.0
4394,179.0
2990,164.0
6134,177.0
2544,288.0
5119,134.0
5046,186.0
4066,124.0
3988,138.0
6667,206.0
685,187.0
4385,171.0
3243,166.0
6072,206.0
4083,166.0
2837,191.0
3697,191.0
4040,101.0
2230,179.0
5655,198.0
2320,132.0
521,129.0
522,227.0
5385,149.0
5552,188.0
5549,221.0
5200,103.0
780,193.0
5395,149.0
4663,91.0
651,232.0
5138,171.0
2196,166.0
369,260.0
4511,193.0
4214,187.0
377,248.0
4836,113.0
2216,240.0
5246,194.0
1613,115.0
6188,176.0
3632,166.0
962,178.0
6207,225.0
6469,132.0
5252,190.0
359,186.0
3839,193.0
4604,183.0
1246,186.0
4800,256.0
3694,115.0
5824,56.0
2567,178.0
3423,144.0
2037,202.0
772,99.0
6338,120.0
3562,223.0
6526,197.0
6302,176.0
1674,182.0
365,164.0
4517,158.0
6345,101.0
4327,146.0
147,233.0
6058,185.0
3088,186.0
6477,145.0
407,107.0
6367,213.0
3456,169.0
4182,202.0
3576,225.0
3271,229.0
1031,153.0
4505,162.0
855,104.0
3926,165.0
78,224.0
2247,163.0
5100,187.0
6296,186.0
6341,135.0
4928,275.0
788,164.0
2279,219.0
4095,242.0
3897,153.0
4487,134.0
6603,206.0
3631,135.0
5160,145.0
424,171.0
392,290.0
5144,136.0
6509,71.0
4200,204.0
2672,250.0
6307,162.0
4651,103.0
3493,189.0
1459,139.0
6559,137.0
4563,126.0
3835,90.0
5337,109.0
6566,189.0
5351,442.0
2355,210.0
2442,205.0
5363,167.0
464,128.0
163,89.0
5968,193.0
6175,164.0
6612,132.0
6842,233.0
2009,80.0
3084,193.0
900,241.0
5398,144.0
2293,238.0
4481,230.0
3716,161.0
5724,163.0
1764,163.0
1549,167.0
3029,215.0
5204,159.0
2044,138.0
767,215.0
1508,214.0
6706,139.0
4219,185.0
5733,184.0
4502,123.0
3292,73.0
819,162.0
1403,165.0
1382,324.0
2148,148.0
1638,151.0
6635,144.0
399,192.0
882,221.0
3565,147.0
6161,193.0
1179,334.0
4244,154.0
4696,179.0
2130,174.0
456,138.0
1950,334.0
689,228.0
5452,153.0
1953,176.0
2710,297.0
5112,193.0
4349,190.0
5984,189.0
1884,162.0
5189,182.0
6093,216.0
2494,131.0
3036,143.0
3603,344.0
845,195.0
542,105.0
3724,91.0
4187,164.0
3679,169.0
5509,245.0
5646,188.0
4726,198.0
2964,134.0
2529,143.0
1048,188.0
1960,357.0
2530,214.0
5071,221.0
237,161.0
1133,166.0
5709,218.0
4259,213.0
5163,124.0
6398,182.0
5316,250.0
2978,222.0
5462,164.0
5629,92.0
4647,197.0
3919,134.0
3138,182.0
6152,211.0
4073,222.0
5925,149.0
3229,199.0
1826,156.0
593,150.0
2725,111.0
4137,187.0
560,173.0
5404,245.0
243,185.0
4437,198.0
5169,165.0
405,137.0
1442,346.0
261,153.0
6062,168.0
6289,181.0
1689,250.0
1725,171.0
2496,194.0
5830,184.0
340,492.0
5527,226.0
1601,190.0
4576,136.0
3725,150.0
6834,174.0
2785,151.0
1523,121.0
6745,151.0
6120,231.0
6389,118.0
1766,122.0
6808,204.0
4037,220.0
5453,180.0
5590,173.0
6447,221.0
363,203.0
6826,111.0
6204,169.0
4443,106.0
5499,136.0
6368,179.0
2562,160.0
4812,217.0
6322,132.0
3083,211.0
6352,134.0
2102,173.0
632,142.0
2493,122.0
2665,105.0
4995,165.0
4406,137.0
5062,187.0
6800,214.0
2334,125.0
5285,143.0
3619,195.0
3883,123.0
4674,291.0
4211,205.0
1494,110.0
2401,252.0
3874,186.0
1232,140.0
2661,232.0
2817,186.0
6299,96.0
5478,199.0
4153,183.0
5555,226.0
3061,121.0
5896,157.0
6827,160.0
1735,134.0
2823,388.0
6783,192.0
4722,198.0
2475,100.0
2564,213.0
5809,186.0
5333,190.0
707,194.0
3046,153.0
5887,110.0
6626,90.0
72,204.0
4448,217.0
6450,203.0
1190,110.0
2601,162.0
1125,340.0
1241,68.0
6178,147.0
5695,125.0
3351,180.0
4008,166.0
1577,181.0
3906,170.0
3729,164.0
4358,246.0
1343,152.0
6882,189.0
440,116.0
1100,148.0
2637,179.0
4855,235.0
649,196.0
1546,100.0
5243,252.0
5263,171.0
2852,187.0
3503,291.0
4965,205.0
630,181.0
1249,153.0
4710,139.0
482,233.0
1584,132.0
4676,201.0
1462,188.0
3040,194.0
5304,103.0
3273,199.0
3683,308.0
4145,82.0
6220,211.0
3225,174.0
1072,185.0
2631,203.0
1660,101.0
2425,330.0
5815,193.0
5238,196.0
3097,154.0
3976,97.0
6203,81.0
6547,173.0
4898,188.0
5469,212.0
1408,230.0
1845,205.0
1798,195.0
3957,183.0
1475,122.0
35,127.0
444,145.0
2359,421.0
3654,177.0
3179,163.0
1286,121.0
5108,204.0
4445,162.0
3416,214.0
2137,168.0
2636,119.0
4016,101.0
6666,191.0
1681,160.0
5017,156.0
1692,222.0
5366,243.0
5495,190.0
3635,232.0
372,219.0
5634,139.0
6533,142.0
140,213.0
4419,105.0
6424,173.0
5673,113.0
714,134.0
3188,157.0
6089,137.0
4431,189.0
5369,136.0
406,165.0
20,196.0
1004,143.0
2411,185.0
2545,187.0
2390,171.0
5543,201.0
42,107.0
2830,143.0
3371,79.0
3022,210.0
3364,237.0
4399,176.0
11,198.0
1177,97.0
1947,161.0
2501,185.0
2863,182.0
3865,269.0
1026,178.0
3848,144.0
2989,175.0
961,187.0
2889,157.0
3015,141.0
3338,173.0
4868,177.0
735,141.0
4400,259.0
1440,155.0
2875,189.0
3986,155.0
916,272.0
6658,231.0
4089,167.0
6370,110.0
6899,142.0
2772,192.0
1624,109.0
5471,152.0
821,72.0
1367,175.0
3712,217.0
6579,298.0
850,96.0
1000,99.0
5964,82.0
4114,176.0
1637,156.0
1667,223.0
4589,243.0
3173,123.0
6787,266.0
1347,158.0
5391,145.0
3230,117.0
4847,206.0
5300,147.0
4783,91.0
3232,167.0
5647,186.0
703,143.0
5500,253.0
3291,157.0
3673,198.0
2408,194.0
1327,93.0
6419,159.0
5659,147.0
4440,142.0
5836,141.0
986,209.0
5480,128.0
6257,106.0
5933,243.0
5715,160.0
4049,221.0
3485,160.0
2474,243.0
3873,133.0
1198,134.0
4181,152.0
1518,159.0
5722,274.0
1799,82.0
1014,149.0
128,154.0
1364,210.0
6225,124.0
4470,105.0
891,220.0
2793,120.0
5792,225.0
4403,241.0
6569,135.0
6259,148.0
3249,109.0
1208,187.0
3868,168.0
6191,142.0
4065,155.0
5901,179.0
1239,152.0
2289,146.0
2740,159.0
275,107.0
4585,202.0
1035,126.0
1229,203.0
1008,141.0
3828,209.0
2532,255.0
4293,198.0
1058,177.0
6739,188.0
281,144.0
1043,189.0
1316,121.0
968,251.0
2381,106.0
5506,142.0
1939,99.0
4951,250.0
1274,202.0
619,194.0
5011,177.0
1742,181.0
1390,210.0
5620,105.0
1579,182.0
1655,198.0
3568,202.0
2352,162.0
2212,108.0
6860,156.0
3178,158.0
3192,255.0
1307,138.0
575,195.0
2360,174.0
1280,166.0
5614,107.0
5712,138.0
1993,237.0
2639,208.0
269,239.0
629,182.0
5107,91.0
3081,111.0
3466,172.0
6021,213.0
4396,152.0
4023,167.0
6535,245.0
2046,303.0
4356,133.0
5419,261.0
2113,100.0
27,191.0
2040,219.0
3928,167.0
6234,141.0
3216,174.0
3814,109.0
129,132.0
5110,151.0
6773,88.0
4599,216.0
13,217.0
5918,226.0
4476,147.0
1525,76.0
2365,135.0
4648,232.0
3052,117.0
4005,151.0
2340,152.0
374,131.0
5521,237.0
5929,177.0
939,228.0
6604,202.0
4573,115.0
2147,257.0
3591,151.0
5455,253.0
6261,157.0
6552,196.0
3623,132.0
529,159.0
3714,229.0
4732,185.0
1269,204.0
4281,127.0
1394,249.0
4850,238.0
4009,140.0
4390,225.0
1797,202.0
2979,178.0
1441,147.0
5159,80.0
6723,163.0
3811,142.0
1273,226.0
4703,200.0
1712,230.0
955,214.0
5105,333.0
5515,181.0
6098,199.0
6333,239.0
403,189.0
2071,138.0
6553,267.0
1977,185.0
158,93.0
3888,116.0
902,134.0
352,144.0
4540,75.0
4130,156.0
754,209.0
2971,192.0
6867,254.0
2920,86.0
311,160.0
4644,149.0
661,129.0
1989,244.0
3665,166.0
306,236.0
2335,111.0
4790,185.0
2356,138.0
3702,217.0
3804,220.0
1927,104.0
6047,198.0
3427,254.0
749,163.0
3638,178.0
5020,107.0
1266,166.0
6153,227.0
6096,201.0
3595,190.0
2134,167.0
4109,113.0
4969,167.0
4904,211.0
514,238.0
6166,168.0
409,147.0
5146,127.0
6873,248.0
6823,120.0
5978,195.0
207,206.0
458,203.0
2054,259.0
2430,145.0
250,211.0
5891,154.0
1107,271.0
5597,204.0
1713,0.0
3911,140.0
715,342.0
552,190.0
1439,203.0
2270,207.0
3144,174.0
6586,234.0
1925,152.0
634,150.0
316,166.0
6476,213.0
427,190.0
5117,193.0
105,136.0
3041,254.0
4238,193.0
2169,192.0
1709,179.0
89,158.0
2241,148.0
3174,170.0
5149,147.0
1949,186.0
4044,174.0
2848,226.0
1,191.0
4337,144.0
935,193.0
6400,90.0
2720,111.0
591,239.0
5176,212.0
2936,135.0
2448,238.0
1576,164.0
5760,174.0
213,130.0
778,195.0
3496,152.0
5414,143.0
2043,146.0
6253,124.0
1567,234.0
165,149.0
4702,210.0
3566,188.0
5281,185.0
6558,106.0
2013,190.0
273,189.0
3860,168.0
4167,108.0
5507,337.0
3788,148.0
394,194.0
583,89.0
6879,175.0
6394,151.0
6597,197.0
520,166.0
1763,133.0
1875,181.0
3965,194.0
3344,182.0
2253,129.0
3224,180.0
526,220.0
2946,231.0
4473,123.0
3899,162.0
692,182.0
6518,170.0
4444,180.0
3633,83.0
1050,166.0
590,193.0
519,158.0
3380,104.0
3676,149.0
5688,84.0
1607,131.0
3610,110.0
6583,125.0
1809,83.0
791,167.0
792,165.0
5677,110.0
1855,167.0
1980,155.0
3233,121.0
3598,200.0
933,174.0
3963,133.0
5133,154.0
6404,228.0
4179,126.0
4026,102.0
6106,166.0
4116,181.0
988,98.0
6101,64.0
3453,163.0
6298,193.0
3778,147.0
5788,170.0
3093,146.0
3155,130.0
5069,88.0
3201,100.0
5568,64.0
1098,187.0
5805,176.0
2844,159.0
886,132.0
6809,122.0
5349,230.0
515,145.0
6364,178.0
4833,97.0
1453,207.0
3553,180.0
3609,108.0
4665,90.0
2506,164.0
2994,202.0
3999,184.0
6537,156.0
906,135.0
28,157.0
5920,295.0
2507,207.0
2428,169.0
5043,238.0
762,178.0
3747,185.0
4811,215.0
284,301.0
686,98.0
6734,183.0
2353,143.0
5551,151.0
5928,106.0
21,158.0
2752,166.0
885,140.0
917,259.0
1040,227.0
5474,219.0
1265,136.0
4579,148.0
5972,190.0
277,172.0
5084,220.0
2084,136.0
1245,163.0
2382,175.0
571,283.0
1435,140.0
3902,198.0
5089,131.0
1247,195.0
4681,148.0
3526,184.0
2514,191.0
1007,172.0
4770,191.0
4543,195.0
5195,110.0
6179,90.0
2064,130.0
5994,198.0
1690,162.0
5956,292.0
1985,198.0
294,158.0
1547,231.0
2012,235.0
588,132.0
3329,160.0
2403,174.0
2129,161.0
3998,196.0
6038,154.0
3741,117.0
3508,152.0
2719,131.0
4521,130.0
5150,111.0
6281,224.0
6288,146.0
556,203.0
4795,202.0
2469,259.0
3738,174.0
4286,224.0
5683,71.0
1716,107.0
2604,140.0
5694,194.0
1704,173.0
2139,136.0
3239,160.0
2383,150.0
4311,132.0
1285,118.0
5875,189.0
6162,242.0
3930,168.0
5219,146.0
1591,204.0
6109,180.0
2162,138.0
2396,227.0
317,134.0
6190,205.0
3111,187.0
5513,330.0
6699,183.0
4036,87.0
795,145.0
3020,98.0
1711,122.0
3387,135.0
36,112.0
4549,184.0
913,226.0
3972,136.0
4133,182.0
974,220.0
983,149.0
5885,190.0
1418,195.0
1560,221.0
4135,160.0
5502,178.0
4265,165.0
1355,185.0
6455,167.0
6540,230.0
987,137.0
2682,189.0
5047,173.0
1640,139.0
1290,177.0
3681,185.0
1380,238.0
1933,187.0
4675,165.0
5804,178.0
3160,141.0
2030,143.0
892,183.0
4876,148.0
4069,386.0
4255,240.0
2,158.0
2109,114.0
849,266.0
2737,215.0
2466,217.0
1914,101.0
1596,207.0
1913,173.0
5139,189.0
6494,92.0
2736,164.0
726,194.0
53,176.0
1796,145.0
3845,207.0
2553,210.0
2800,174.0
936,162.0
5692,145.0
824,244.0
4321,148.0
3401,184.0
1389,168.0
3564,182.0
884,184.0
4867,147.0
1868,246.0
5181,205.0
10,218.0
3415,226.0
1463,75.0
806,157.0
5628,184.0
5425,56.0
4068,222.0
2108,299.0
5823,163.0
6841,179.0
2234,128.0
963,144.0
4494,145.0
2632,182.0
704,120.0
431,123.0
4388,88.0
145,186.0
2033,172.0
5789,184.0
1165,192.0
3500,184.0
2050,144.0
3760,189.0
2624,208.0
4484,233.0
4435,151.0
5497,173.0
5346,183.0
4361,192.0
2424,92.0
1262,126.0
1771,180.0
3511,149.0
271,106.0
4792,202.0
6870,131.0
244,147.0
6692,144.0
4572,129.0
2032,154.0
6356,182.0
5454,105.0
813,229.0
3810,207.0
5603,216.0
1804,187.0
5860,163.0
4346,190.0
2461,111.0
545,175.0
3241,104.0
738,176.0
310,124.0
3521,153.0
1131,158.0
6794,207.0
4111,188.0
2769,183.0
920,197.0
3587,227.0
3959,185.0
38,201.0
4459,198.0
4278,174.0
2983,181.0
5290,159.0
6884,327.0
5217,110.0
2667,80.0
3223,202.0
1182,172.0
614,173.0
6774,149.0
1466,146.0
4497,190.0
3042,110.0
934,142.0
2419,171.0
5085,101.0
6223,180.0
5591,76.0
4822,152.0
826,196.0
1521,143.0
2930,210.0
4232,202.0
628,224.0
4430,185.0
3853,180.0
390,174.0
4345,181.0
6725,233.0
3990,248.0
400,197.0
4806,231.0
5135,182.0
5574,146.0
3359,86.0
46,110.0
6616,112.0
6799,196.0
3642,233.0
3726,172.0
6313,225.0
5208,231.0
5319,185.0
6696,481.0
2421,183.0
1750,228.0
6669,158.0
5654,147.0
4062,242.0
338,163.0
215,159.0
3663,226.0
1341,411.0
6306,149.0
3894,240.0
3640,239.0
329,112.0
5428,232.0
3004,211.0
6587,175.0
3115,193.0
6672,238.0
2322,152.0
4197,126.0
3549,215.0
1458,68.0
171,177.0
4203,196.0
5776,129.0
3569,141.0
4226,146.0
5158,190.0
5631,109.0
5687,114.0
938,60.0
60,185.0
1240,183.0
5136,137.0
5765,181.0
2120,189.0
1524,152.0
153,194.0
481,155.0
4460,154.0
3920,178.0
1762,226.0
750,177.0
1785,145.0
5738,233.0
4501,202.0
4853,144.0
2711,199.0
5576,172.0
4193,153.0
1333,197.0
6138,187.0
2854,190.0
186,104.0
1136,180.0
2058,207.0
5783,99.0
6137,194.0
148,208.0
4124,203.0
4889,139.0
3363,213.0
4788,114.0
2866,148.0
3776,186.0
1386,211.0
6515,150.0
5710,195.0
3629,262.0
6206,183.0
4797,158.0
3028,111.0
2969,161.0
5995,201.0
1708,137.0
2953,250.0
454,150.0
609,230.0
4263,120.0
4826,236.0
5848,133.0
2074,69.0
4052,215.0
5610,238.0
1622,301.0
4683,225.0
6040,88.0
40,182.0
5475,92.0
2089,116.0
3924,175.0
2175,210.0
74,140.0
5522,122.0
6807,110.0
2657,160.0
3180,161.0
2076,77.0
441,244.0
2051,126.0
2541,349.0
1301,179.0
3430,194.0
1304,237.0
236,192.0
5909,188.0
2599,170.0
4616,204.0
2573,151.0
3280,231.0
3186,134.0
3953,198.0
2768,166.0
4831,246.0
4223,172.0
2106,218.0
2679,202.0
2761,136.0
4688,82.0
5399,151.0
1387,239.0
6471,226.0
6240,157.0
6656,132.0
5000,115.0
1279,116.0
6154,215.0
6761,215.0
1555,56.0
6837,173.0
3190,129.0
4566,203.0
4802,212.0
6466,112.0
4841,177.0
3594,254.0
1920,209.0
513,208.0
4177,204.0
1308,163.0
914,193.0
3452,235.0
3695,255.0
4242,140.0
3156,190.0
2198,240.0
774,287.0
4425,198.0
943,138.0
822,101.0
5005,192.0
4277,255.0
164,53.0
4547,148.0
3983,146.0
2538,203.0
6578,194.0
1311,73.0
5207,223.0
6269,155.0
5383,146.0
5752,86.0
6399,169.0
3300,171.0
3310,113.0
327,359.0
2490,249.0
6459,215.0
4408,212.0
832,249.0
3079,188.0
3462,254.0
5297,160.0
6041,161.0
54,201.0
4064,224.0
3451,185.0
1901,128.0
1481,181.0
4873,133.0
4895,140.0
4150,151.0
3335,231.0
4926,161.0
946,162.0
3293,214.0
2161,139.0
6680,218.0
5083,72.0
5841,244.0
3057,285.0
5490,146.0
768,73.0
6481,211.0
3495,147.0
285,179.0
6819,206.0
4524,135.0
6133,288.0
2332,153.0
2717,303.0
2079,163.0
3389,335.0
722,192.0
951,121.0
6010,189.0
2262,236.0
989,156.0
3212,120.0
1759,156.0
5667,114.0
4422,71.0
5479,167.0
1724,156.0
5182,219.0
341,127.0
3701,89.0
4243,158.0
688,201.0
3432,135.0
5203,54.0
4944,75.0
966,181.0
6510,144.0
6233,155.0
2203,156.0
2713,190.0
4757,178.0
5098,187.0
6073,226.0
6308,178.0
5280,138.0
3572,204.0
4805,205.0
5299,83.0
1990,137.0
4120,209.0
4759,163.0
5662,209.0
5298,210.0
6025,225.0
4971,374.0
6534,141.0
5034,209.0
3600,143.0
6428,122.0
6868,146.0
5689,181.0
385,89.0
6016,168.0
6580,187.0
536,122.0
6431,153.0
5032,185.0
4212,139.0
3507,200.0
201,125.0
1332,116.0
3502,138.0
2708,229.0
5031,83.0
4662,195.0
4021,128.0
1854,195.0
6163,209.0
2872,167.0
3030,159.0
1205,171.0
1645,129.0
3417,148.0
3476,216.0
2861,155.0
1792,154.0
5526,204.0
3797,209.0
3368,244.0
3367,253.0
3533,169.0
6048,193.0
5109,179.0
3449,159.0
603,163.0
3056,153.0
6000,161.0
126,125.0
3876,186.0
2935,120.0
5443,159.0
4451,232.0
3531,185.0
2730,215.0
827,190.0
1639,148.0
984,226.0
3281,177.0
6859,159.0
2188,247.0
6351,178.0
2443,195.0
362,152.0
2349,156.0
345,185.0
814,96.0
4807,151.0
3205,118.0
6249,187.0
6611,178.0
3325,276.0
4106,214.0
2116,149.0
1834,82.0
793,278.0
6828,95.0
2674,186.0
94,106.0
4225,164.0
3756,169.0
2891,191.0
2371,138.0
5716,129.0
6110,214.0
3228,156.0
6147,180.0
2853,168.0
6382,148.0
2912,169.0
1865,170.0
4612,315.0
1857,138.0
2645,132.0
2243,188.0
5373,96.0
2336,113.0
950,213.0
3068,254.0
1120,174.0
2597,145.0
2204,250.0
419,133.0
922,192.0
1254,168.0
477,199.0
2035,187.0
6347,168.0
5567,144.0
1202,112.0
2626,91.0
6639,220.0
1970,149.0
3110,137.0
4018,311.0
2151,228.0
3687,149.0
4916,150.0
1997,113.0
4033,115.0
6765,187.0
3054,110.0
1248,210.0
2192,242.0
2712,146.0
992,280.0
2190,113.0
4670,113.0
5142,101.0
3762,176.0
3597,221.0
4711,167.0
1318,185.0
1863,167.0
2343,148.0
2449,192.0
2136,130.0
1065,294.0
6845,218.0
4227,122.0
2621,185.0
77,194.0
2898,219.0
4820,172.0
1314,191.0
6737,221.0
872,177.0
3850,238.0
5468,152.0
6596,210.0
2965,108.0
3391,146.0
5415,117.0
2560,129.0
6756,187.0
2635,106.0
5256,175.0
3530,204.0
375,120.0
1908,151.0
4429,236.0
5967,198.0
6028,153.0
4027,152.0
1604,95.0
1118,175.0
3677,207.0
3490,184.0
6708,116.0
2958,111.0
1994,167.0
6840,122.0
5993,118.0
2376,170.0
6314,200.0
1342,169.0
320,194.0
1619,207.0
3713,185.0
6311,185.0
2060,175.0
2219,198.0
1673,159.0
260,245.0
6087,154.0
2039,209.0
4785,173.0
901,128.0
3744,136.0
2026,185.0
4234,108.0
1917,197.0
1828,85.0
1573,207.0
4415,133.0
4749,172.0
6049,213.0
4654,149.0
4208,238.0
4627,136.0
224,168.0
723,196.0
6185,92.0
1141,148.0
5529,176.0
5764,210.0
5554,149.0
6542,194.0
2762,236.0
846,271.0
4289,207.0
5560,170.0
5042,100.0
2551,208.0
5725,109.0
2928,160.0
117,146.0
645,81.0
3,160.0
4170,151.0
467,160.0
5,138.0
5342,158.0
919,127.0
2595,123.0
4324,130.0
1063,181.0
2590,163.0
242,208.0
6001,116.0
1160,204.0
2870,154.0
3735,163.0
6305,186.0
2397,219.0
3517,132.0
3421,177.0
2563,100.0
5622,174.0
1605,101.0
6652,86.0
2324,186.0
2709,178.0
6056,68.0
1312,194.0
3448,306.0
3812,208.0
6412,142.0
2362,109.0
1975,146.0
3514,231.0
1761,202.0
5401,183.0
2739,230.0
5637,217.0
6421,121.0
2472,187.0
4007,185.0
4718,159.0
1493,207.0
4206,127.0
2158,147.0
1169,114.0
6227,197.0
232,133.0
66,226.0
1603,200.0
3283,148.0
3596,183.0
4632,134.0
125,140.0
5350,158.0
1296,138.0
1976,215.0
6228,200.0
6180,170.0
2075,158.0
4580,230.0
5750,86.0
6511,184.0
3086,134.0
5981,224.0
3345,122.0
6158,154.0
5870,155.0
2797,141.0
918,97.0
1646,140.0
5122,179.0
5126,229.0
4978,173.0
5431,373.0
4621,125.0
364,152.0
3287,154.0
2125,113.0
4123,130.0
4569,140.0
525,110.0
4821,167.0
55,181.0
638,174.0
302,116.0
2766,194.0
5811,231.0
1276,152.0
4720,174.0
2055,125.0
5376,163.0
5145,176.0
4432,225.0
3644,60.0
4143,181.0
2878,84.0
4202,173.0
5175,169.0
2286,110.0
2261,196.0
5240,190.0
2296,136.0
5932,244.0
1753,189.0
5197,150.0
1968,152.0
6770,192.0
3117,204.0
2393,137.0
523,187.0
5524,240.0
3900,141.0
6426,234.0
4699,127.0
5585,168.0
6083,198.0
3122,147.0
4156,166.0
1969,178.0
671,115.0
4188,186.0
666,372.0
5973,76.0
1887,188.0
3266,230.0
280,195.0
1719,121.0
2947,210.0
4455,179.0
899,117.0
6686,169.0
760,87.0
1906,195.0
4042,270.0
3823,173.0
4138,107.0
3818,73.0
4300,192.0
5569,191.0
2593,124.0
4164,138.0
3031,176.0
5971,179.0
3579,253.0
2832,197.0
5449,187.0
3472,238.0
137,186.0
4892,145.0
2180,202.0
2128,125.0
3177,249.0
4854,159.0
4637,160.0
5115,153.0
6011,138.0
4261,176.0
4344,159.0
1331,122.0
2017,132.0
4542,235.0
2482,129.0
1358,180.0
1329,207.0
6797,189.0
2150,282.0
4530,81.0
2122,149.0
4673,197.0
3981,160.0
1252,158.0
3278,142.0
3374,107.0
2814,217.0
4719,172.0
1848,188.0
4858,100.0
3037,202.0
388,215.0
235,204.0
1077,229.0
1984,254.0
4363,142.0
3962,131.0
770,164.0
2165,148.0
4533,150.0
673,193.0
249,113.0
1574,96.0
3419,149.0
2081,164.0
1823,127.0
6379,183.0
6595,289.0
4544,101.0
5565,144.0
716,173.0
6149,148.0
6434,216.0
2048,136.0
5997,122.0
5264,278.0
4178,106.0
4809,151.0
2724,168.0
6232,164.0
1460,63.0
5989,127.0
1668,116.0
2756,120.0
2000,155.0
4571,224.0
4613,201.0
404,122.0
384,208.0
6192,115.0
2152,201.0
1633,182.0
6318,134.0
5580,179.0
4784,118.0
3925,186.0
5336,203.0
4158,152.0
4948,128.0
5898,225.0
5358,215.0
223,143.0
2193,171.0
3136,228.0
4469,109.0
1824,109.0
6335,163.0
5124,161.0
4972,197.0
797,240.0
2871,164.0
9,195.0
1944,272.0
1838,190.0
4804,210.0
255,227.0
5713,99.0
4485,194.0
6214,121.0
1581,88.0
2956,63.0
924,182.0
6107,178.0
2508,233.0
5024,171.0
5320,230.0
6042,146.0
3775,210.0
4835,212.0
4136,173.0
4964,115.0
2779,67.0
539,162.0
2745,210.0
6199,217.0
6297,167.0
5467,204.0
1145,209.0
5127,196.0
4468,303.0
667,144.0
3019,90.0
357,189.0
5063,168.0
2831,171.0
2783,92.0
1353,353.0
5131,219.0
470,168.0
2703,167.0
3330,199.0
3637,251.0
1396,238.0
3584,208.0
6186,186.0
5262,186.0
5645,190.0
3376,218.0
1256,343.0
3512,163.0
5651,85.0
5778,162.0
1250,200.0
5795,231.0
5348,191.0
6627,204.0
4298,85.0
3284,142.0
2933,143.0
4175,235.0
5268,152.0
4910,184.0
1852,186.0
6449,160.0
6714,228.0
2105,212.0
133,283.0
5236,310.0
5029,167.0
928,118.0
823,194.0
6893,143.0
1531,226.0
1214,189.0
504,111.0
4285,188.0
1996,189.0
3072,97.0
1958,122.0
1384,134.0
894,189.0
4924,157.0
455,159.0
5779,175.0
6387,368.0
3709,150.0
6362,203.0
4849,151.0
4748,135.0
4268,325.0
3522,169.0
4134,174.0
3602,182.0
6744,85.0
713,96.0
4186,176.0
2214,359.0
5301,206.0
2923,105.0
1810,198.0
3486,81.0
3141,99.0
1827,191.0
1155,226.0
1324,189.0
4312,233.0
510,161.0
1680,159.0
499,186.0
6252,145.0
1856,148.0
1388,142.0
5615,82.0
3719,205.0
2386,181.0
5541,201.0
3236,202.0
6172,148.0
1540,193.0
1217,186.0
2681,189.0
2993,101.0
5512,113.0
1191,152.0
5772,154.0
5293,124.0
1542,234.0
3301,82.0
3324,132.0
2539,203.0
953,240.0
4846,156.0
4330,160.0
732,186.0
6891,208.0
1156,242.0
6386,155.0
3294,143.0
2982,91.0
5305,161.0
5161,159.0
2156,185.0
1062,146.0
2616,98.0
1167,142.0
3222,106.0
3636,183.0
5588,227.0
2938,184.0
4491,154.0
3140,216.0
4980,370.0
143,164.0
6836,164.0
3577,179.0
4946,145.0
2782,162.0
717,147.0
1819,162.0
2502,110.0
4360,246.0
4171,408.0
395,159.0
5731,215.0
6729,229.0
4492,166.0
1365,144.0
6283,122.0
5999,173.0
595,119.0
6205,145.0
3952,153.0
5392,176.0
5917,197.0
4968,189.0
2914,191.0
2326,123.0
5644,84.0
3766,188.0
3440,199.0
3851,246.0
4132,174.0
6323,194.0
2143,191.0
6359,170.0
5073,179.0
1571,150.0
4079,208.0
1122,212.0
2786,147.0
2967,207.0
2504,236.0
5988,136.0
3465,95.0
675,301.0
2808,170.0
3348,189.0
728,183.0
412,220.0
3146,142.0
1516,163.0
5745,164.0
825,223.0
3267,215.0
3974,262.0
616,120.0
114,114.0
417,135.0
3069,204.0
1625,207.0
6833,167.0
4185,251.0
2896,171.0
6437,193.0
2082,105.0
753,167.0
2546,180.0
3969,139.0
3373,172.0
5726,147.0
4107,169.0
2444,202.0
4380,200.0
1066,154.0
3913,178.0
5287,144.0
5536,271.0
5387,103.0
5732,138.0
3498,111.0
2738,128.0
5052,370.0
4000,196.0
1568,139.0
2427,203.0
3746,248.0
6650,259.0
1687,195.0
851,154.0
3546,202.0
6303,216.0
895,160.0
4592,183.0
5878,159.0
335,130.0
2839,227.0
3087,369.0
4611,174.0
1348,154.0
1015,222.0
2816,242.0
1631,345.0
2489,188.0
3730,179.0
3251,133.0
6384,105.0
5877,196.0
5881,180.0
2070,181.0
4452,121.0
6781,294.0
5408,147.0
1635,139.0
4646,111.0
2479,224.0
2265,249.0
2959,134.0
5323,193.0
6516,139.0
3059,154.0
5053,121.0
5869,141.0
2141,153.0
5104,94.0
3118,150.0
5188,123.0
6508,212.0
4045,235.0
3356,169.0
2744,132.0
5092,128.0
3506,205.0
1679,304.0
4249,197.0
3147,125.0
2294,135.0
580,99.0
1470,189.0
4799,148.0
4070,221.0
5308,84.0
3343,259.0
4992,115.0
4583,141.0
3672,89.0
559,214.0
5237,157.0
5215,199.0
2849,128.0
512,153.0
4729,97.0
1081,237.0
1664,133.0
1012,203.0
1931,244.0
1150,166.0
2838,166.0
5949,191.0
116,195.0
740,144.0
6624,94.0
6070,165.0
5177,225.0
3675,200.0
5906,194.0
830,127.0
119,179.0
4752,69.0
6584,148.0
6530,208.0
6821,189.0
635,168.0
4465,92.0
4364,182.0
4142,212.0
991,157.0
876,305.0
4869,228.0
5315,163.0
5222,179.0
4,93.0
3051,154.0
5691,134.0
3124,144.0
6407,200.0
2660,175.0
2491,211.0
5173,245.0
3854,124.0
4933,165.0
4777,141.0
1715,163.0
6293,168.0
1148,186.0
3261,225.0
574,283.0
3769,195.0
3736,162.0
4146,100.0
853,211.0
1982,134.0
2774,113.0
5919,166.0
4929,182.0
5211,223.0
1166,211.0
6002,165.0
971,153.0
2701,160.0
4495,166.0
3847,143.0
2368,174.0
4115,146.0
4780,182.0
4131,94.0
2950,234.0
5625,146.0
524,148.0
2455,187.0
5016,156.0
1841,212.0
5986,231.0
537,215.0
2806,97.0
5801,211.0
5596,141.0
4341,85.0
3175,226.0
784,245.0
4057,172.0
1409,220.0
2537,144.0
154,226.0
3009,147.0
1686,156.0
2901,86.0
6832,178.0
4721,213.0
3863,70.0
2733,158.0
1895,145.0
5442,229.0
569,178.0
5854,206.0
1816,169.0
2065,273.0
127,169.0
3394,168.0
3327,160.0
6875,267.0
6102,236.0
2975,205.0
980,187.0
2300,197.0
190,179.0
1139,166.0
5088,181.0
699,161.0
6677,134.0
606,235.0
4276,147.0
301,192.0
3420,186.0
6641,166.0
1060,189.0
6698,268.0
6760,208.0
2565,113.0
6887,237.0
1069,101.0
2524,93.0
2205,107.0
1243,197.0
16,165.0
3120,169.0
6878,158.0
4642,137.0
4754,145.0
815,81.0
3067,146.0
6590,132.0
5600,360.0
959,163.0
6427,232.0
4893,150.0
225,221.0
6170,146.0
3354,197.0
5895,154.0
2485,148.0
562,171.0
3436,152.0
6373,145.0
6181,194.0
1693,185.0
1045,53.0
3446,63.0
4565,128.0
954,168.0
6874,105.0
2735,116.0
6766,182.0
4735,170.0
6644,135.0
1218,206.0
5254,213.0
5511,188.0
6560,91.0
1527,194.0
3987,75.0
6810,204.0
1300,159.0
6749,93.0
5699,213.0
160,185.0
4067,198.0
5800,180.0
956,225.0
3791,177.0
3234,127.0
2869,144.0
3777,95.0
4433,147.0
4973,251.0
6015,189.0
2961,160.0
5980,210.0
2200,211.0
98,190.0
6707,137.0
2557,203.0
3183,200.0
253,163.0
3923,237.0
4199,214.0
1445,222.0
5539,114.0
1648,226.0
4682,192.0
4723,148.0
3991,152.0
1696,142.0
3191,154.0
6197,96.0
6295,157.0
4499,220.0
1154,69.0
2255,127.0
1682,114.0
3170,182.0
2056,250.0
4090,133.0
6728,151.0
3108,197.0
4548,176.0
3723,128.0
6397,190.0
5423,144.0
2049,193.0
4976,177.0
3643,147.0
6805,149.0
623,180.0
6489,275.0
6636,211.0
5883,220.0
262,164.0
5730,138.0
3369,262.0
4061,220.0
5534,106.0
6294,180.0
6065,61.0
1802,230.0
4736,149.0
6885,229.0
2385,207.0
5759,158.0
1959,175.0
2976,133.0
488,165.0
1843,97.0
1734,207.0
2911,174.0
3219,209.0
146,158.0
5630,152.0
1986,104.0
1369,197.0
6546,155.0
6051,156.0
2811,201.0
659,174.0
1794,188.0
2511,118.0
3397,169.0
4282,209.0
1147,150.0
3272,197.0
608,166.0
6287,217.0
3582,95.0
1930,204.0
197,250.0
2931,122.0
2327,99.0
4389,62.0
766,168.0
4496,287.0
4218,175.0
3255,120.0
202,140.0
3510,188.0
4931,181.0
6390,151.0
5535,226.0
1733,201.0
5791,144.0
2777,221.0
1707,210.0
5172,354.0
5249,162.0
5757,222.0
3474,185.0
6528,141.0
5855,199.0
854,143.0
5685,155.0
6363,149.0
4737,155.0
4097,232.0
2160,157.0
698,118.0
6829,161.0
2999,209.0
3696,211.0
1636,154.0
3457,242.0
3581,149.0
1291,140.0
4659,190.0
6585,204.0
5616,138.0
1853,201.0
5232,242.0
3763,211.0
3304,212.0
6784,230.0
5727,202.0
3743,165.0
3445,170.0
1998,154.0
663,96.0
4779,241.0
5353,253.0
3748,198.0
4413,200.0
4744,169.0
5530,75.0
5575,209.0
709,116.0
1282,567.0
5864,189.0
5068,157.0
2675,213.0
4029,184.0
1306,100.0
5496,185.0
5504,179.0
2237,145.0
3302,154.0
5592,195.0
2038,211.0
1529,186.0
1663,156.0
5450,130.0
6813,101.0
6838,185.0
3627,281.0
5739,158.0
5147,264.0
4891,142.0
2693,180.0
3060,175.0
1597,174.0
6700,196.0
2729,122.0
2625,123.0
5915,188.0
3157,286.0
3314,182.0
1722,149.0
5279,187.0
6668,233.0
1059,118.0
4636,131.0
3242,228.0
1678,157.0
6374,158.0
6628,111.0
1757,176.0
6019,184.0
4191,172.0
5116,142.0
563,211.0
2790,174.0
863,264.0
1484,110.0
5977,132.0
5134,321.0
206,168.0
4488,230.0
870,333.0
4493,188.0
502,194.0
1028,166.0
3840,157.0
2690,211.0
5581,169.0
5056,180.0
1570,203.0
2773,158.0
5991,116.0
2731,198.0
6242,152.0
804,154.0
5847,147.0
3645,226.0
2454,201.0
4598,171.0
3104,147.0
4875,91.0
5959,100.0
200,144.0
6278,195.0
3099,138.0
6184,235.0
2278,250.0
3561,235.0
5892,109.0
4474,207.0
6432,182.0
4514,109.0
5794,154.0
391,197.0
6736,233.0
5618,151.0
5258,150.0
1495,112.0
2695,276.0
2027,176.0
5248,124.0
5463,112.0
2568,206.0
64,177.0
3884,200.0
2062,140.0
5276,214.0
492,135.0
379,200.0
6331,141.0
4859,140.0
6360,153.0
3993,166.0
4887,235.0
1076,235.0
878,90.0
337,284.0
6439,234.0
1016,117.0
1275,155.0
3798,113.0
4551,155.0
3342,191.0
4911,234.0
6413,178.0
995,188.0
1981,108.0
4297,152.0
161,159.0
5675,149.0
6545,218.0
4798,161.0
1500,179.0
3843,160.0
5225,187.0
2613,96.0
3461,130.0
1021,210.0
3073,208.0
3943,102.0
1585,202.0
1955,119.0
3152,221.0
6349,140.0
34,184.0
4014,157.0
775,169.0
2556,178.0
1478,196.0
5486,330.0
6235,217.0
1363,118.0
2612,183.0
2824,367.0
2041,132.0
241,197.0
2061,152.0
2363,111.0
600,172.0
2435,149.0
5393,182.0
6310,203.0
2888,165.0
6164,150.0
646,95.0
3890,349.0
3556,197.0
3202,219.0
1528,295.0
1267,150.0
1899,145.0
4658,211.0
3005,136.0
2734,257.0
189,256.0
1806,181.0
975,211.0
2747,191.0
2047,151.0
2558,89.0
1082,166.0
474,156.0
2904,140.0
4843,183.0
6396,210.0
4117,185.0
3385,136.0
4555,253.0
1184,270.0
6420,157.0
5051,186.0
5311,201.0
2433,170.0
5611,141.0
2391,176.0
769,55.0
1685,236.0
130,145.0
2919,148.0
3171,215.0
3444,107.0
6231,89.0
5578,110.0
4426,145.0
5334,118.0
466,125.0
6265,134.0
5734,212.0
3092,228.0
3772,219.0
5191,163.0
5226,191.0
5390,173.0
860,163.0
